Article,Ankur,Vikas,Ank_AI1,Ank_AI2,Ank_AI3,Ank_AI4,Shwetank,Niranjan,Jairaj
Article_1,4,5,5,3,2,1,4,2,2
Article_2,2,5,2,4,5,2,3,5,3
Article_3,4,4,4,2,1,4,5,4,2
Article_4,2,5,5,3,2,1,3,4,3
Article_5,3,5,2,4,5,2,4,4,3
Article_6,3,3,4,2,1,4,5,3,2
Article_7,1,5,4,2,1,4,3,5,4
Article_8,2,5,4,2,1,4,5,4,2
Article_9,2,4,4,2,1,4,4,4,3
Article_10,2,5,5,3,2,1,3,5,2
Article_11,4,5,3,3,3,3,5,3,3
Article_12,3,5,2,4,5,2,5,4,3
Article_13,4,2,2,4,4,5,4,4,1
Article_14,3,5,3,3,3,3,5,2,4
Article_15,3,4,2,4,5,2,4,2,3
Article_16,4,4,4,2,1,4,5,1,4
Article_17,3,5,4,2,1,4,5,2,3
Article_18,4,4,5,3,2,1,4,1,3
Article_19,5,4,5,3,2,1,3,4,2
Article_20,5,5,4,2,1,4,3,2,3
Article_21,3,2,2,4,5,2,3,4,1
Article_22,2,5,5,3,2,1,5,3,3
Article_23,3,4,3,3,3,3,4,1,3
Article_24,2,3,2,4,5,2,3,5,3
Article_25,3,4,2,4,3,3,4,2,4
Article_26,2,5,1,5,3,2,3,4,4
Article_27,3,2,1,5,3,2,4,5,1
Article_28,3,2,2,4,5,2,3,4,1
Article_29,3,5,4,2,1,4,2,5,2
Article_30,3,4,4,2,1,4,5,1,4
Article_31,5,5,5,3,2,1,5,2,3
Article_32,4,2,2,4,5,2,3,3,2
Article_33,3,5,2,4,5,2,4,4,4
Article_34,5,4,2,4,5,2,4,5,4
Article_35,3,3,4,2,1,4,4,2,4
Article_36,3,5,4,2,1,4,1,1,2
Article_37,3,5,4,2,1,4,3,2,3
Article_38,2,2,4,2,1,4,4,3,3
Article_39,2,5,2,4,5,2,4,5,4
Article_40,2,4,3,1,4,2,4,4,3
Article_41,2,5,3,3,3,3,4,4,2
Article_42,3,3,4,2,1,4,3,4,4
Article_43,2,4,3,3,3,3,3,1,3
Article_44,5,2,2,4,5,2,4,1,4
Article_45,2,5,3,3,3,3,3,5,2
Article_46,5,5,3,5,2,2,5,2,2
Article_47,2,2,4,2,1,4,4,5,4
Article_48,3,3,4,2,1,4,4,3,3
Article_49,2,5,4,2,1,4,3,3,4
Article_50,3,2,1,3,3,5,3,4,2
Article_51,2,5,4,2,1,4,4,5,4
Article_52,3,5,4,2,1,4,3,5,4
Article_53,5,5,2,4,5,2,4,4,3
Article_54,3,5,3,1,4,2,3,4,4
Article_55,2,4,2,4,4,5,5,1,2
Article_56,3,4,5,5,3,1,3,2,4
Article_57,2,4,3,1,4,2,3,5,4
Article_58,3,4,2,4,5,2,3,4,2
Article_59,4,5,2,4,4,5,4,4,1
Article_60,3,2,2,4,5,2,4,5,3
Article_61,4,2,5,3,2,1,4,2,4
Article_62,3,3,2,4,5,2,3,3,5
Article_63,3,5,3,3,3,3,4,4,3
Article_64,3,5,4,2,1,4,4,4,2
Article_65,3,2,4,2,1,4,4,5,1
Article_66,3,2,3,5,2,2,3,1,4
Article_67,3,2,2,4,5,2,5,2,4
Article_68,2,3,2,4,3,3,1,3,2
Article_69,3,4,4,2,1,4,3,5,3
Article_70,3,5,2,4,5,2,3,4,2
Article_71,3,2,2,4,5,2,5,1,4
Article_72,5,3,5,3,2,1,4,3,2
Article_73,4,4,2,4,5,2,3,5,3
Article_74,3,4,3,1,4,2,3,4,2
Article_75,3,4,2,4,5,2,4,3,1
Article_76,2,3,2,4,5,2,4,1,4
Article_77,5,2,1,5,3,2,4,4,4
Article_78,3,5,4,2,1,4,4,5,5
Article_79,4,5,2,4,4,5,4,4,3
Article_80,2,5,2,4,5,2,4,3,3
Article_81,2,3,4,2,1,4,4,3,4
Article_82,2,5,2,4,5,2,4,3,2
Article_83,3,5,5,5,3,1,3,5,4
Article_84,3,5,2,4,3,3,4,4,2
Article_85,3,4,4,2,1,4,4,3,2
Article_86,3,5,2,4,5,2,3,1,4
Article_87,5,3,3,3,3,3,4,1,2
Article_88,3,3,5,5,3,1,3,1,2
Article_89,3,4,2,4,5,2,4,1,1
Article_90,5,4,5,3,2,1,4,4,2
Article_91,3,2,4,2,1,4,4,4,4
Article_92,3,2,1,3,3,5,4,5,1
Article_93,3,4,4,2,1,4,3,3,1
Article_94,5,3,3,1,4,2,3,3,4
Article_95,3,3,3,5,2,2,2,1,4
Article_96,3,3,2,4,5,2,4,1,2
Article_97,2,5,3,3,3,3,4,4,1
Article_98,2,5,2,4,5,2,4,4,4
Article_99,3,4,4,2,1,4,3,2,3
Article_100,2,5,4,2,1,4,3,5,2
Article_101,2,4,4,2,1,4,4,3,5
Article_102,1,3,3,3,3,3,4,3,5
Article_103,5,4,2,4,5,2,3,5,3
Article_104,4,4,3,3,3,3,4,4,2
Article_105,3,4,1,3,3,5,3,1,2
Article_106,3,4,5,2,2,5,4,3,2
Article_107,2,5,4,2,1,4,3,1,5
Article_108,5,2,3,5,2,2,4,4,5
Article_109,3,4,4,2,1,4,4,4,3
Article_110,3,2,1,2,4,5,3,5,4
Article_111,4,5,2,4,5,2,3,3,4
Article_112,3,3,5,3,2,1,3,5,5
Article_113,3,3,3,3,3,3,2,5,2
Article_114,4,3,2,4,3,3,4,3,3
Article_115,2,4,4,2,1,4,4,4,2
Article_116,3,2,3,3,3,3,4,5,5
Article_117,2,3,3,5,2,2,4,3,2
Article_118,2,2,4,2,1,4,3,5,5
Article_119,4,3,5,2,2,5,5,3,4
Article_120,3,2,4,2,1,4,3,5,2
Article_121,2,2,4,2,1,4,4,1,3
Article_122,2,3,4,2,1,4,4,4,1
Article_123,3,3,4,2,1,4,3,4,5
Article_124,3,3,3,3,3,3,4,5,1
Article_125,5,4,4,2,1,4,3,5,5
Article_126,4,5,3,3,3,3,1,1,2
Article_127,3,5,5,3,2,1,3,5,4
Article_128,2,4,2,4,5,2,4,3,1
Article_129,3,5,3,5,2,2,3,5,4
Article_130,2,3,2,4,5,2,3,1,2
Article_131,5,2,2,4,4,5,4,5,1
Article_132,3,3,3,3,3,3,3,4,1
Article_133,2,5,4,2,1,4,3,4,1
Article_134,3,2,5,2,2,5,3,4,3
Article_135,5,4,3,3,3,3,4,5,4
Article_136,3,2,4,2,1,4,3,2,1
Article_137,4,5,3,1,4,2,5,2,1
Article_138,3,4,2,4,5,2,5,1,1
Article_139,2,4,3,3,3,3,4,1,1
Article_140,3,2,2,4,5,2,4,1,2
Article_141,3,5,2,4,5,2,4,3,5
Article_142,3,4,3,3,3,3,3,3,4
Article_143,5,5,3,3,3,3,5,3,5
Article_144,3,4,3,3,3,3,3,5,2
Article_145,5,2,3,5,2,2,4,5,1
Article_146,3,3,3,3,3,3,3,4,1
Article_147,4,5,2,4,4,5,4,1,4
Article_148,3,5,2,4,4,5,4,1,5
Article_149,2,2,2,4,5,2,3,2,3
Article_150,2,5,3,2,1,4,3,2,1
Article_151,3,3,5,3,2,1,3,3,4
Article_152,3,5,5,3,2,1,4,3,1
Article_153,2,2,4,2,1,4,4,5,1
Article_154,3,3,4,2,1,4,3,4,1
Article_155,4,2,5,5,3,1,3,4,1
Article_156,2,5,3,3,3,3,4,1,2
Article_157,2,3,2,4,5,2,4,2,3
Article_158,3,4,4,2,1,4,4,5,3
Article_159,3,4,2,4,5,2,4,5,5
Article_160,3,3,3,3,3,3,4,4,3
Article_161,5,2,2,4,5,2,4,4,1
Article_162,5,5,4,2,1,4,4,5,2
Article_163,4,4,3,3,3,3,3,5,2
Article_164,3,3,4,2,1,4,4,2,5
Article_165,2,3,2,4,5,2,3,3,5
Article_166,3,5,5,3,2,1,4,3,3
Article_167,3,5,3,3,3,3,4,4,3
Article_168,3,4,4,2,1,4,4,3,3
Article_169,2,3,2,4,5,2,4,3,1
Article_170,5,2,3,3,3,3,3,5,3
Article_171,3,4,2,4,5,2,3,4,2
Article_172,2,2,2,4,5,2,4,1,3
Article_173,2,2,5,3,2,1,4,4,4
Article_174,5,3,2,4,5,2,3,5,1
Article_175,3,2,3,3,3,3,3,4,3
Article_176,2,5,4,2,1,4,3,1,3
Article_177,3,2,2,4,5,2,3,5,3
Article_178,3,5,4,2,1,4,1,3,1
Article_179,2,5,2,4,5,2,3,4,1
Article_180,3,4,3,5,2,2,3,4,3
Article_181,3,5,3,3,3,3,4,5,1
Article_182,3,5,5,3,2,1,4,2,1
Article_183,2,3,5,5,3,1,4,3,3
Article_184,3,3,4,2,1,4,3,2,3
Article_185,3,4,2,4,5,2,3,5,4
Article_186,3,2,4,2,1,4,3,4,1
Article_187,3,4,3,3,3,3,5,1,3
Article_188,4,3,3,3,3,3,4,2,5
Article_189,4,4,4,2,1,4,3,5,5
Article_190,2,5,4,2,1,4,5,2,2
Article_191,3,5,2,4,5,2,3,3,1
Article_192,3,2,2,4,5,2,4,4,2
Article_193,3,3,4,2,1,4,3,4,5
Article_194,2,4,4,2,1,4,5,5,2
Article_195,3,2,4,2,1,4,3,5,1
Article_196,2,2,2,4,5,2,4,5,2
Article_197,2,4,2,4,5,2,5,5,1
Article_198,3,2,4,2,1,4,3,3,4
Article_199,3,4,4,2,1,4,3,3,5
Article_200,5,4,3,3,3,3,3,3,3
Article_201,5,3,5,3,2,1,5,2,4
Article_202,5,5,1,5,3,2,4,2,5
Article_203,3,2,3,3,3,3,5,1,4
Article_204,4,4,2,4,5,2,3,4,2
Article_205,3,3,3,3,3,3,4,5,4
Article_206,3,2,4,2,1,4,3,5,2
Article_207,5,3,1,5,3,2,4,4,2
Article_208,4,3,3,5,2,2,3,1,5
Article_209,3,2,4,2,1,4,3,4,3
Article_210,5,4,4,2,1,4,3,4,2
Article_211,5,3,5,3,2,1,3,4,5
Article_212,3,5,1,3,3,5,4,3,2
Article_213,3,3,3,3,3,3,3,3,3
Article_214,3,4,3,5,2,2,4,3,4
Article_215,4,2,2,4,5,2,3,5,5
Article_216,3,5,4,2,1,4,4,5,3
Article_217,3,4,4,2,1,4,4,5,4
Article_218,2,2,2,4,5,2,4,5,5
Article_219,3,2,5,5,3,1,5,5,3
Article_220,2,5,2,4,5,2,4,5,4
Article_221,2,2,2,4,5,2,3,5,3
Article_222,3,4,4,2,1,4,3,3,3
Article_223,5,5,5,2,2,5,4,3,2
Article_224,4,2,2,4,5,2,3,3,5
Article_225,4,5,2,4,3,3,4,3,2
Article_226,5,4,5,3,2,1,5,4,5
Article_227,4,4,4,2,1,4,3,4,2
Article_228,3,2,4,2,1,4,3,4,1
Article_229,3,3,3,1,4,2,3,4,5
Article_230,4,3,2,4,5,2,3,1,2
Article_231,3,3,4,2,1,4,4,1,3
Article_232,3,5,2,4,5,2,4,3,1
Article_233,4,2,4,2,1,4,4,5,5
Article_234,3,2,4,2,1,4,4,3,5
Article_235,3,4,3,1,4,2,4,3,4
Article_236,3,2,2,4,5,2,3,5,5
Article_237,2,5,5,3,2,1,5,3,1
Article_238,2,3,2,4,5,2,4,3,5
Article_239,2,4,2,4,5,2,4,5,4
Article_240,3,2,5,2,2,5,5,3,3
Article_241,3,2,3,1,4,2,4,3,4
Article_242,3,5,4,2,1,4,4,1,5
Article_243,5,5,2,4,4,5,3,4,3
Article_244,5,2,3,3,3,3,3,5,1
Article_245,4,4,2,4,5,2,3,4,2
Article_246,2,5,4,2,1,4,4,3,2
Article_247,3,2,5,3,2,1,3,4,2
Article_248,5,4,1,5,3,2,4,5,2
Article_249,4,5,5,3,2,1,5,4,5
Article_250,5,4,2,4,4,5,5,1,2
Article_251,5,4,3,3,3,3,4,5,1
Article_252,3,4,3,1,4,2,4,5,2
Article_253,2,3,4,2,1,4,3,3,5
Article_254,3,3,2,4,5,2,3,3,1
Article_255,3,2,2,4,5,2,3,4,5
Article_256,2,5,4,2,1,4,3,4,4
Article_257,2,3,5,3,2,1,4,1,1
Article_258,3,5,2,4,5,2,3,5,2
Article_259,4,2,4,2,1,4,5,5,3
Article_260,4,2,3,3,3,3,5,1,5
Article_261,2,5,5,3,2,1,4,4,5
Article_262,3,2,3,3,3,3,5,5,2
Article_263,3,2,1,2,4,5,3,3,4
Article_264,5,3,5,5,3,1,3,5,3
Article_265,2,3,2,4,5,2,4,5,2
Article_266,3,2,4,2,1,4,3,4,1
Article_267,4,2,3,3,3,3,3,1,1
Article_268,5,5,5,3,2,1,4,2,5
Article_269,4,3,5,5,3,1,3,5,2
Article_270,3,3,4,2,1,4,3,3,4
Article_271,5,4,1,2,4,5,3,4,3
Article_272,3,3,2,4,5,2,3,5,1
Article_273,2,3,4,2,1,4,5,1,2
Article_274,3,3,4,2,1,4,4,4,4
Article_275,3,3,4,2,1,4,2,4,4
Article_276,4,4,4,2,1,4,3,1,5
Article_277,5,2,4,2,1,4,3,2,3
Article_278,3,3,3,1,4,2,3,5,4
Article_279,3,5,4,2,1,4,3,4,1
Article_280,2,2,4,2,1,4,3,1,4
Article_281,4,4,2,4,5,2,5,4,5
Article_282,4,3,3,3,3,3,3,5,5
Article_283,3,4,4,2,1,4,4,5,1
Article_284,5,5,2,4,5,2,4,3,1
Article_285,3,4,4,2,1,4,3,4,1
Article_286,3,2,4,2,1,4,3,5,5
Article_287,3,2,2,4,4,5,4,5,5
Article_288,3,5,3,3,3,3,3,1,4
Article_289,4,5,3,3,3,3,3,1,3
Article_290,5,2,5,3,2,1,5,4,3
Article_291,3,3,4,2,1,4,4,1,4
Article_292,4,4,2,4,4,5,4,5,2
Article_293,3,3,2,4,5,2,4,3,1
Article_294,4,3,2,4,5,2,3,5,3
Article_295,5,2,2,4,5,2,3,4,3
Article_296,3,5,2,4,5,2,3,1,5
Article_297,4,3,2,4,5,2,3,5,4
Article_298,3,4,4,2,1,4,3,5,3
Article_299,4,3,4,2,1,4,4,3,5
Article_300,2,3,4,2,1,4,3,5,3
Article_301,3,5,3,1,4,2,4,5,1
Article_302,4,3,5,5,3,1,3,4,1
Article_303,2,2,1,3,3,5,5,1,4
Article_304,3,5,4,2,1,4,3,5,4
Article_305,4,2,3,1,4,2,4,3,4
Article_306,5,2,3,2,1,4,3,5,1
Article_307,3,2,4,2,1,4,4,4,3
Article_308,3,2,3,3,3,3,2,1,2
Article_309,2,4,4,2,1,4,3,5,3
Article_310,3,2,2,4,5,2,4,3,1
Article_311,5,3,5,3,2,1,3,5,5
Article_312,4,2,4,2,1,4,4,2,5
Article_313,4,3,2,4,5,2,3,1,4
Article_314,5,3,3,3,3,3,4,4,3
Article_315,3,4,4,2,1,4,3,5,3
Article_316,2,3,2,4,5,2,5,2,2
Article_317,5,2,5,5,3,1,4,1,3
Article_318,3,2,2,4,5,2,4,2,4
Article_319,3,3,3,5,2,2,2,4,2
Article_320,4,2,5,5,3,1,3,1,2
Article_321,3,4,4,2,1,4,3,2,5
Article_322,3,2,2,4,5,2,4,5,3
Article_323,5,5,2,4,5,2,5,5,2
Article_324,3,4,2,4,3,3,3,5,4
Article_325,4,2,4,2,1,4,4,3,3
Article_326,5,2,3,3,3,3,4,3,1
Article_327,5,2,3,3,3,3,3,2,4
Article_328,2,2,4,2,1,4,3,2,4
Article_329,5,4,3,3,3,3,4,2,2
Article_330,4,3,5,3,2,1,4,4,5
Article_331,5,4,2,4,5,2,4,4,1
Article_332,3,5,4,2,1,4,4,4,3
Article_333,2,3,2,4,5,2,4,5,1
Article_334,4,5,2,4,5,2,3,4,3
Article_335,3,5,2,4,5,2,4,1,3
Article_336,3,3,2,4,5,2,3,5,2
Article_337,5,3,1,5,3,2,4,5,1
Article_338,4,3,4,2,1,4,3,3,5
Article_339,4,5,2,4,5,2,3,5,5
Article_340,4,4,1,3,3,5,4,5,1
Article_341,4,4,3,3,3,3,3,4,5
Article_342,4,4,3,3,3,3,4,1,2
Article_343,3,4,4,2,1,4,3,4,2
Article_344,3,5,4,2,1,4,3,5,3
Article_345,2,5,2,4,5,2,4,4,1
Article_346,3,4,4,2,1,4,3,1,2
Article_347,4,2,5,5,3,1,3,4,5
Article_348,5,4,5,3,2,1,5,4,5
Article_349,3,2,4,2,1,4,4,1,1
Article_350,3,3,3,1,4,2,4,4,5
Article_351,3,3,3,5,2,2,3,4,2
Article_352,4,5,3,3,3,3,3,5,3
Article_353,4,2,4,2,1,4,4,4,3
Article_354,2,5,4,2,1,4,3,3,2
Article_355,2,4,4,2,1,4,3,3,3
Article_356,3,2,4,2,1,4,3,4,5
Article_357,1,3,3,3,3,3,3,5,5
Article_358,2,5,3,3,3,3,4,1,2
Article_359,3,5,4,2,1,4,3,4,1
Article_360,3,4,3,3,3,3,3,5,4
Article_361,4,4,3,1,4,2,3,4,1
Article_362,5,3,5,3,2,1,4,4,3
Article_363,5,3,5,3,2,1,4,4,5
Article_364,2,5,4,2,1,4,3,4,4
Article_365,5,2,2,4,4,5,3,4,2
Article_366,2,4,3,3,3,3,4,4,3
Article_367,4,2,3,3,3,3,3,1,2
Article_368,2,5,5,3,2,1,4,1,5
Article_369,5,4,5,2,2,5,3,3,1
Article_370,2,5,5,3,2,1,4,5,2
Article_371,2,4,4,2,1,4,5,5,2
Article_372,3,4,3,3,3,3,3,5,4
Article_373,4,2,3,3,3,3,4,4,3
Article_374,5,3,2,4,5,2,4,4,5
Article_375,3,2,4,2,1,4,3,4,4
Article_376,3,5,4,2,1,4,3,4,2
Article_377,3,2,3,3,3,3,4,2,2
Article_378,5,2,4,2,1,4,3,2,2
Article_379,4,5,2,4,5,2,4,5,3
Article_380,2,4,2,4,5,2,4,5,1
Article_381,3,4,2,4,5,2,4,4,3
Article_382,3,3,3,3,3,3,5,4,5
Article_383,3,4,4,2,1,4,5,1,2
Article_384,2,3,2,4,5,2,4,2,2
Article_385,3,3,4,2,1,4,3,5,4
Article_386,4,2,2,4,5,2,4,5,5
Article_387,4,3,3,3,3,3,4,3,3
Article_388,2,3,2,4,5,2,4,3,4
Article_389,4,3,5,3,2,1,3,3,5
Article_390,4,5,5,5,3,1,5,2,1
Article_391,3,5,4,2,1,4,3,2,1
Article_392,3,4,4,2,1,4,4,2,4
Article_393,5,4,3,3,3,3,3,5,2
Article_394,4,5,2,4,5,2,4,5,2
Article_395,3,5,2,4,5,2,4,5,1
Article_396,2,3,3,3,3,3,3,5,5
Article_397,2,3,4,2,1,4,4,5,1
Article_398,4,2,4,2,1,4,3,4,4
Article_399,3,4,2,4,5,2,3,4,5
Article_400,4,3,5,2,2,5,5,4,5
Article_401,3,2,4,2,1,4,3,4,3
Article_402,4,2,2,4,5,2,4,1,2
Article_403,4,5,5,5,3,1,4,1,4
Article_404,3,4,3,1,4,2,3,1,2
Article_405,4,2,5,3,2,1,4,1,5
Article_406,4,5,5,3,2,1,4,2,3
Article_407,3,2,2,4,5,2,4,2,4
Article_408,4,3,4,2,1,4,4,2,4
Article_409,5,5,3,1,4,2,4,2,1
Article_410,2,4,2,4,5,2,4,2,4
Article_411,2,5,2,4,5,2,4,5,1
Article_412,3,2,4,2,1,4,3,5,1
Article_413,2,4,2,4,5,2,5,1,5
Article_414,3,4,4,2,1,4,3,5,5
Article_415,4,4,2,4,5,2,3,5,5
Article_416,5,3,3,3,3,3,3,5,4
Article_417,5,2,5,3,2,1,3,3,4
Article_418,5,2,2,4,3,3,4,3,3
Article_419,3,4,2,4,5,2,3,3,4
Article_420,3,2,4,2,1,4,3,3,5
Article_421,3,4,4,2,1,4,5,2,1
Article_422,3,3,4,2,1,4,3,4,2
Article_423,4,2,4,2,1,4,3,4,5
Article_424,5,4,3,1,4,2,4,4,5
Article_425,3,5,3,5,2,2,3,4,5
Article_426,3,5,4,2,1,4,3,4,5
Article_427,4,5,4,2,1,4,3,4,5
Article_428,3,4,4,2,1,4,3,4,3
Article_429,2,5,4,2,1,4,4,1,3
Article_430,2,4,3,3,3,3,3,1,5
Article_431,4,2,3,3,3,3,4,1,2
Article_432,4,4,1,2,4,5,4,1,4
Article_433,3,3,2,4,5,2,4,2,3
Article_434,3,5,3,1,4,2,4,2,4
Article_435,2,3,4,2,1,4,5,2,4
Article_436,4,2,3,3,3,3,3,5,1
Article_437,3,5,4,2,1,4,3,2,5
Article_438,5,4,2,4,5,2,3,1,1
Article_439,3,3,2,4,5,2,3,4,4
Article_440,4,4,4,2,1,4,4,4,3
Article_441,4,2,3,3,3,3,3,3,1
Article_442,2,3,2,4,5,2,4,3,5
Article_443,5,5,1,5,3,2,3,5,2
Article_444,3,2,1,5,3,2,3,2,1
Article_445,3,3,2,4,5,2,4,2,5
Article_446,2,2,4,2,1,4,5,1,4
Article_447,5,5,3,3,3,3,3,1,5
Article_448,3,4,4,2,1,4,5,2,4
Article_449,3,2,2,4,5,2,4,2,3
Article_450,2,5,3,3,3,3,4,2,3
Article_451,3,4,2,4,5,2,3,2,2
Article_452,5,5,5,5,3,1,3,5,2
Article_453,4,4,3,3,3,3,5,5,1
Article_454,4,4,3,5,2,2,3,5,4
Article_455,4,5,2,4,5,2,3,4,3
Article_456,3,2,4,2,1,4,3,4,3
Article_457,3,5,5,2,2,5,3,2,4
Article_458,3,2,4,2,1,4,4,3,4
Article_459,5,3,3,3,3,3,3,3,1
Article_460,4,5,4,2,1,4,4,3,1
Article_461,3,2,4,2,1,4,4,2,4
Article_462,3,5,1,2,4,5,4,2,4
Article_463,5,4,5,3,2,1,5,2,1
Article_464,3,5,4,2,1,4,3,1,4
Article_465,3,2,4,2,1,4,3,1,2
Article_466,2,4,2,4,5,2,4,1,3
Article_467,3,4,3,3,3,3,3,4,1
Article_468,5,3,3,3,3,3,3,4,4
Article_469,3,5,3,3,3,3,3,4,5
Article_470,4,5,3,3,3,3,4,5,3
Article_471,4,2,3,3,3,3,4,5,1
Article_472,3,4,4,2,1,4,4,2,1
Article_473,3,4,4,2,1,4,5,3,5
Article_474,4,2,3,3,3,3,4,1,4
Article_475,2,5,2,4,5,2,4,5,5
Article_476,5,4,5,3,2,1,4,2,2
Article_477,5,3,5,3,2,1,3,3,1
Article_478,4,3,5,3,2,1,3,3,3
Article_479,3,5,3,1,4,2,3,3,1
Article_480,2,3,1,3,3,5,4,5,5
Article_481,3,3,3,3,3,3,5,5,5
Article_482,3,5,4,2,1,4,3,4,5
Article_483,3,3,3,1,4,2,3,1,2
Article_484,4,4,2,4,5,2,4,2,4
Article_485,5,5,4,2,1,4,5,4,3
Article_486,4,4,4,2,1,4,4,1,1
Article_487,4,3,1,5,3,2,4,2,1
Article_488,4,4,2,4,5,2,4,5,5
Article_489,2,3,2,4,5,2,4,3,3
Article_490,3,5,4,2,1,4,3,3,4
Article_491,2,5,3,3,3,3,4,1,4
Article_492,3,4,2,4,5,2,3,3,1
Article_493,4,5,2,4,5,2,3,5,2
Article_494,5,4,5,3,2,1,4,5,3
Article_495,4,5,5,3,2,1,4,5,3
Article_496,4,2,3,3,3,3,4,5,3
Article_497,3,5,4,2,1,4,3,5,3
Article_498,3,3,2,4,5,2,4,5,1
Article_499,2,2,5,3,2,1,4,5,3
Article_500,3,2,3,3,3,3,4,5,4
Article_501,2,5,2,4,5,2,4,5,2
Article_502,3,3,4,2,1,4,4,5,2
Article_503,5,4,3,3,3,3,5,5,2
Article_504,3,4,3,5,2,2,4,4,5
Article_505,4,3,1,5,3,2,4,3,3
Article_506,3,4,3,5,2,2,3,3,1
Article_507,3,4,2,4,5,2,3,3,1
Article_508,3,2,4,2,1,4,3,3,3
Article_509,4,4,3,3,3,3,4,1,5
Article_510,5,5,5,5,3,1,4,4,5
Article_511,3,2,4,2,1,4,3,1,1
Article_512,3,5,3,5,2,2,3,1,3
Article_513,4,2,2,4,3,3,4,4,4
Article_514,4,4,5,5,3,1,3,4,5
Article_515,4,2,4,2,1,4,4,5,3
Article_516,5,3,5,5,3,1,3,4,4
Article_517,3,4,2,4,5,2,4,4,1
Article_518,2,5,5,3,2,1,5,3,2
Article_519,3,2,2,4,5,2,4,5,3
Article_520,2,4,4,2,1,4,3,5,3
Article_521,2,2,2,4,3,3,3,5,3
Article_522,4,3,2,4,5,2,3,5,4
Article_523,2,2,5,3,2,1,4,4,2
Article_524,2,5,5,3,2,1,5,2,1
Article_525,3,5,3,3,3,3,5,1,1
Article_526,4,3,3,3,3,3,5,1,5
Article_527,4,3,4,2,1,4,4,1,2
Article_528,5,4,3,1,4,2,4,1,2
Article_529,5,4,3,3,3,3,4,2,1
Article_530,4,3,4,2,1,4,4,4,3
Article_531,3,5,5,3,2,1,5,4,5
Article_532,4,4,2,4,4,5,3,4,2
Article_533,4,2,3,3,3,3,4,1,2
Article_534,3,4,4,2,1,4,4,1,4
Article_535,3,2,5,5,3,1,3,5,1
Article_536,5,2,5,5,3,1,5,4,1
Article_537,4,5,3,3,3,3,4,4,1
Article_538,3,5,3,3,3,3,2,5,5
Article_539,3,3,3,3,3,3,1,1,1
Article_540,3,4,3,3,3,3,2,4,2
Article_541,3,4,4,2,1,4,4,5,5
Article_542,3,5,3,1,4,2,3,4,4
Article_543,2,2,4,2,1,4,5,5,4
Article_544,3,4,4,2,1,4,3,5,5
Article_545,2,3,2,4,5,2,4,4,1
Article_546,2,5,2,4,5,2,4,4,4
Article_547,4,4,5,2,2,5,4,4,3
Article_548,3,3,2,4,5,2,4,5,1
Article_549,2,3,2,4,5,2,3,5,2
Article_550,5,4,3,3,3,3,4,5,4
Article_551,3,5,4,2,1,4,3,2,3
Article_552,4,2,3,5,2,2,4,1,2
Article_553,3,4,3,3,3,3,4,5,3
Article_554,3,4,4,2,1,4,4,3,3
Article_555,4,2,5,5,3,1,3,5,1
Article_556,4,2,5,2,2,5,3,4,5
Article_557,3,5,3,5,2,2,5,1,4
Article_558,3,3,2,4,5,2,3,2,1
Article_559,4,2,1,3,3,5,3,3,2
Article_560,4,2,5,5,3,1,3,5,2
Article_561,3,2,4,2,1,4,5,4,2
Article_562,3,2,4,2,1,4,3,1,4
Article_563,2,5,3,3,3,3,4,2,5
Article_564,3,3,2,4,5,2,3,5,4
Article_565,5,3,5,5,3,1,4,2,1
Article_566,4,3,3,3,3,3,4,1,2
Article_567,4,5,3,3,3,3,3,4,4
Article_568,3,2,4,2,1,4,3,5,1
Article_569,4,2,5,5,3,1,5,2,4
Article_570,5,5,2,4,4,5,5,2,4
Article_571,4,2,2,4,3,3,3,1,3
Article_572,4,3,1,2,4,5,4,2,3
Article_573,3,5,5,5,3,1,4,2,3
Article_574,4,3,3,3,3,3,4,5,4
Article_575,3,2,3,3,3,3,3,4,4
Article_576,4,3,5,5,3,1,4,1,1
Article_577,3,2,5,3,2,1,4,2,5
Article_578,3,2,4,2,1,4,4,5,5
Article_579,5,5,3,5,2,2,5,2,3
Article_580,4,3,2,4,5,2,3,4,4
Article_581,4,4,2,4,5,2,4,1,3
Article_582,5,2,5,5,3,1,4,2,4
Article_583,4,2,3,3,3,3,4,5,3
Article_584,3,3,4,2,1,4,3,3,2
Article_585,4,2,3,3,3,3,4,4,4
Article_586,1,3,4,2,1,4,4,3,5
Article_587,3,4,4,2,1,4,3,3,4
Article_588,2,4,4,2,1,4,3,2,3
Article_589,1,4,4,2,1,4,3,5,1
Article_590,4,2,3,3,3,3,4,2,4
Article_591,5,3,3,3,3,3,4,5,1
Article_592,2,2,4,2,1,4,3,1,5
Article_593,3,4,4,2,1,4,3,4,5
Article_594,4,3,2,4,3,3,3,2,1
Article_595,3,5,4,2,1,4,4,2,1
Article_596,3,4,3,5,2,2,3,4,3
Article_597,3,5,4,2,1,4,3,1,4
Article_598,2,4,3,3,3,3,4,2,3
Article_599,2,5,2,4,5,2,3,2,2
Article_600,1,3,3,3,3,3,4,2,3
Article_601,5,4,4,2,1,4,4,3,4
Article_602,3,2,4,2,1,4,4,2,3
Article_603,3,5,4,2,1,4,4,1,2
Article_604,2,5,4,2,1,4,3,4,4
Article_605,2,3,2,4,5,2,4,4,2
Article_606,4,4,4,2,1,4,4,4,5
Article_607,4,3,2,4,5,2,4,2,3
Article_608,4,3,2,4,3,3,3,3,1
Article_609,1,5,3,3,3,3,3,3,5
Article_610,5,4,1,2,4,5,3,3,5
Article_611,5,2,3,5,2,2,4,5,5
Article_612,3,5,4,2,1,4,3,5,1
Article_613,2,5,5,3,2,1,4,5,2
Article_614,4,4,2,4,5,2,4,4,4
Article_615,3,4,4,2,1,4,3,4,2
Article_616,1,3,4,2,1,4,3,1,1
Article_617,4,5,3,3,3,3,4,1,1
Article_618,3,3,2,4,5,2,5,2,2
Article_619,4,4,2,4,5,2,3,2,5
Article_620,4,4,2,4,5,2,4,2,3
Article_621,4,4,4,2,1,4,3,4,1
Article_622,2,5,1,3,3,5,4,3,3
Article_623,2,2,3,3,3,3,3,3,1
Article_624,3,3,4,2,1,4,3,5,2
Article_625,3,5,2,4,5,2,4,5,3
Article_626,3,2,2,4,3,3,3,2,3
Article_627,4,2,4,2,1,4,4,2,1
Article_628,3,2,4,2,1,4,3,1,5
Article_629,3,5,2,4,5,2,3,2,4
Article_630,4,3,2,4,5,2,4,3,1
Article_631,2,2,2,4,5,2,3,3,2
Article_632,2,2,3,3,3,3,4,5,4
Article_633,3,3,4,2,1,4,3,5,5
Article_634,3,5,3,5,2,2,2,5,5
Article_635,3,5,4,2,1,4,3,4,4
Article_636,4,3,5,3,2,1,5,4,2
Article_637,2,5,5,3,2,1,4,2,4
Article_638,3,5,4,2,1,4,4,4,2
Article_639,3,4,3,5,2,2,3,1,1
Article_640,1,2,3,3,3,3,4,1,1
Article_641,2,3,2,4,5,2,4,2,2
Article_642,4,3,5,2,2,5,3,2,4
Article_643,3,2,3,3,3,3,3,2,1
Article_644,4,4,3,3,3,3,4,2,3
Article_645,4,5,4,2,1,4,4,3,3
Article_646,1,5,5,3,2,1,4,3,4
Article_647,2,4,2,4,5,2,4,3,4
Article_648,3,4,4,2,1,4,4,5,3
Article_649,3,2,2,4,5,2,4,3,1
Article_650,4,4,2,4,5,2,4,5,4
Article_651,4,2,3,5,2,2,4,5,3
Article_652,3,2,4,2,1,4,4,4,1
Article_653,1,4,2,4,5,2,4,4,2
Article_654,2,3,4,2,1,4,3,1,5
Article_655,3,5,4,2,1,4,4,1,2
Article_656,3,2,4,2,1,4,5,2,5
Article_657,4,3,4,2,1,4,3,2,1
Article_658,2,4,2,4,5,2,4,2,2
Article_659,2,5,4,2,1,4,3,3,2
Article_660,4,3,3,5,2,2,3,3,1
Article_661,2,4,2,4,5,2,4,2,1
Article_662,2,2,2,4,5,2,4,5,4
Article_663,3,2,5,5,3,1,4,2,4
Article_664,2,2,4,2,1,4,4,4,1
Article_665,4,5,4,2,1,4,3,4,1
Article_666,4,3,2,4,5,2,4,4,2
Article_667,4,5,3,3,3,3,3,4,4
Article_668,4,5,3,3,3,3,4,1,4
Article_669,5,3,2,4,5,2,4,2,3
Article_670,1,3,2,4,5,2,3,2,1
Article_671,3,4,5,5,3,1,3,5,1
Article_672,4,2,2,4,3,3,4,4,5
Article_673,3,5,4,2,1,4,3,4,1
Article_674,2,3,5,5,3,1,5,1,1
Article_675,4,2,4,2,1,4,3,1,4
Article_676,4,5,5,5,3,1,3,3,3
Article_677,3,2,2,4,5,2,3,3,5
Article_678,1,4,2,4,5,2,4,5,3
Article_679,3,4,2,4,5,2,4,4,2
Article_680,3,3,2,4,5,2,3,1,2
Article_681,3,2,2,4,5,2,4,3,4
Article_682,2,3,4,2,1,4,4,2,1
Article_683,1,3,4,2,1,4,4,1,4
Article_684,1,4,5,3,2,1,3,4,3
Article_685,2,2,2,4,5,2,3,1,5
Article_686,2,2,1,5,3,2,5,2,4
Article_687,3,2,2,4,5,2,4,5,3
Article_688,3,5,2,4,5,2,3,2,3
Article_689,1,4,3,5,2,2,3,1,1
Article_690,2,3,2,4,5,2,3,1,1
Article_691,2,4,2,4,5,2,3,4,1
Article_692,1,3,2,4,5,2,3,4,3
Article_693,2,2,4,2,1,4,4,5,4
Article_694,3,4,2,4,5,2,3,5,3
Article_695,3,3,3,5,2,2,4,5,5
Article_696,4,2,4,2,1,4,4,2,3
Article_697,4,4,4,2,1,4,4,2,3
Article_698,3,4,5,3,2,1,4,3,5
Article_699,3,5,2,4,5,2,4,3,3
Article_700,3,3,3,3,3,3,3,3,2
Article_701,4,3,3,3,3,3,4,2,1
Article_702,5,4,3,3,3,3,3,2,4
Article_703,3,4,2,4,5,2,4,2,4
Article_704,1,4,4,2,1,4,4,2,4
Article_705,3,3,3,1,4,2,4,5,3
Article_706,5,5,3,3,3,3,4,5,4
Article_707,2,4,5,5,3,1,3,5,1
Article_708,3,4,5,5,3,1,3,5,3
Article_709,2,2,4,2,1,4,4,5,1
Article_710,2,5,5,3,2,1,4,5,1
Article_711,1,3,4,2,1,4,3,4,3
Article_712,2,3,1,5,3,2,5,4,2
Article_713,3,5,4,2,1,4,4,1,1
Article_714,4,3,3,3,3,3,4,4,3
Article_715,5,4,4,2,1,4,3,1,3
Article_716,3,2,4,2,1,4,4,5,3
Article_717,3,5,3,3,3,3,4,1,3
Article_718,2,3,4,2,1,4,3,1,5
Article_719,3,5,4,2,1,4,3,1,5
Article_720,2,5,3,3,3,3,4,2,4
Article_721,2,5,3,3,3,3,3,2,3
Article_722,1,4,2,4,5,2,4,5,5
Article_723,3,2,2,4,5,2,3,4,2
Article_724,3,4,4,2,1,4,3,5,5
Article_725,4,5,3,3,3,3,4,5,3
Article_726,3,2,4,2,1,4,3,5,4
Article_727,3,3,4,2,1,4,4,5,1
Article_728,4,5,3,1,4,2,4,4,2
Article_729,3,5,3,3,3,3,4,5,1
Article_730,4,3,3,5,2,2,4,4,4
Article_731,5,4,4,2,1,4,4,4,4
Article_732,3,3,3,1,4,2,4,2,2
Article_733,3,2,4,2,1,4,3,3,2
Article_734,2,2,3,5,2,2,4,5,4
Article_735,3,2,1,2,4,5,4,2,5
Article_736,3,5,3,3,3,3,4,2,2
Article_737,3,3,2,4,5,2,4,2,1
Article_738,3,4,3,3,3,3,5,5,1
Article_739,3,2,4,2,1,4,3,4,2
Article_740,3,2,2,4,5,2,4,4,2
Article_741,4,2,2,4,3,3,5,4,1
Article_742,5,4,5,3,2,1,3,1,1
Article_743,4,5,4,2,1,4,4,2,3
Article_744,3,4,4,2,1,4,3,5,3
Article_745,2,2,2,4,5,2,3,4,2
Article_746,3,2,3,1,4,2,4,2,2
Article_747,3,3,2,4,5,2,3,1,3
Article_748,2,3,3,3,3,3,4,4,1
Article_749,1,2,4,2,1,4,4,5,1
Article_750,2,3,2,4,5,2,5,2,1
Article_751,2,2,4,2,1,4,3,3,3
Article_752,2,2,3,5,2,2,3,1,3
Article_753,3,2,3,5,2,2,4,2,5
Article_754,3,3,4,2,1,4,3,5,4
Article_755,1,5,3,3,3,3,4,4,5
Article_756,1,2,1,5,3,2,3,1,1
Article_757,3,2,4,2,1,4,3,2,3
Article_758,2,5,5,3,2,1,3,3,5
Article_759,4,5,3,5,2,2,5,5,2
Article_760,3,5,4,2,1,4,3,4,5
Article_761,1,2,2,4,5,2,4,1,3
Article_762,3,2,3,3,3,3,3,2,1
Article_763,4,4,3,3,3,3,4,3,5
Article_764,4,4,4,2,1,4,4,5,2
Article_765,3,4,2,4,5,2,4,4,3
Article_766,1,5,2,4,5,2,4,1,4
Article_767,3,4,4,2,1,4,3,2,2
Article_768,3,5,4,2,1,4,3,3,2
Article_769,3,4,2,4,5,2,3,5,3
Article_770,2,2,4,2,1,4,4,4,5
Article_771,4,3,2,4,5,2,4,1,1
Article_772,3,4,5,3,2,1,4,2,5
Article_773,2,5,2,4,5,2,3,3,5
Article_774,4,2,5,2,2,5,5,5,3
Article_775,2,4,2,4,5,2,3,2,5
Article_776,2,4,5,3,2,1,4,2,5
Article_777,1,3,3,3,3,3,4,2,1
Article_778,3,3,2,4,5,2,3,2,5
Article_779,3,2,3,3,3,3,3,5,3
Article_780,2,4,3,3,3,3,4,5,2
Article_781,3,4,2,4,5,2,4,5,3
Article_782,4,4,3,5,2,2,5,5,5
Article_783,1,3,2,4,5,2,3,4,5
Article_784,2,2,2,4,5,2,4,4,1
Article_785,3,5,3,5,2,2,3,4,1
Article_786,1,3,2,4,5,2,3,3,5
Article_787,3,4,3,1,4,2,4,3,3
Article_788,1,5,2,4,4,5,3,2,2
Article_789,3,3,3,1,4,2,3,2,3
Article_790,1,4,5,3,2,1,4,2,3
Article_791,3,3,5,5,3,1,5,1,5
Article_792,2,4,4,2,1,4,4,1,2
Article_793,5,3,1,5,3,2,4,2,2
Article_794,4,3,4,2,1,4,4,5,3
Article_795,5,4,3,5,2,2,3,5,3
Article_796,3,3,2,4,5,2,4,5,1
Article_797,3,2,3,5,2,2,5,2,4
Article_798,2,2,2,4,5,2,4,2,2
Article_799,1,5,4,2,1,4,3,4,1
Article_800,3,3,4,2,1,4,4,1,4
Article_801,3,2,2,4,4,5,3,4,2
Article_802,3,4,4,2,1,4,3,1,5
Article_803,2,2,5,5,3,1,3,2,5
Article_804,2,4,4,2,1,4,3,2,4
Article_805,1,3,1,3,3,5,4,3,1
Article_806,3,3,2,4,3,3,4,3,5
Article_807,1,5,2,4,5,2,4,2,1
Article_808,2,2,2,4,5,2,4,5,5
Article_809,1,4,2,4,4,5,4,5,1
Article_810,2,5,3,3,3,3,4,4,1
Article_811,3,5,2,4,5,2,3,1,2
Article_812,4,5,2,4,5,2,4,1,4
Article_813,2,2,4,2,1,4,3,2,2
Article_814,3,4,4,2,1,4,3,3,1
Article_815,4,4,2,4,5,2,4,2,5
Article_816,3,5,4,2,1,4,4,5,2
Article_817,4,4,3,3,3,3,4,3,2
Article_818,3,4,3,3,3,3,3,2,5
Article_819,1,5,2,4,5,2,4,5,1
Article_820,3,2,5,5,3,1,4,3,5
Article_821,4,4,4,2,1,4,3,2,1
Article_822,3,3,4,2,1,4,4,5,3
Article_823,4,3,4,2,1,4,3,2,2
Article_824,3,4,4,2,1,4,4,2,3
Article_825,2,5,4,2,1,4,3,3,5
Article_826,2,5,4,2,1,4,3,2,4
Article_827,3,4,2,4,5,2,4,1,1
Article_828,2,2,4,2,1,4,3,2,1
Article_829,4,5,3,3,3,3,3,1,2
Article_830,3,2,2,4,5,2,3,2,1
Article_831,1,2,2,4,4,5,4,4,3
Article_832,2,2,2,4,5,2,4,2,4
Article_833,1,5,5,3,2,1,4,2,5
Article_834,2,3,3,3,3,3,3,1,1
Article_835,4,5,5,3,2,1,3,1,4
Article_836,3,4,5,3,2,1,4,2,3
Article_837,2,4,4,2,1,4,4,2,2
Article_838,3,3,4,2,1,4,3,5,5
Article_839,5,3,5,5,3,1,4,2,1
Article_840,4,2,2,4,4,5,4,3,2
Article_841,2,5,4,2,1,4,4,4,3
Article_842,3,4,3,5,2,2,3,2,2
Article_843,4,3,2,4,5,2,4,5,5
Article_844,2,4,2,4,5,2,3,3,3
Article_845,3,4,4,2,1,4,3,2,3
Article_846,2,2,5,3,2,1,5,5,1
Article_847,2,4,4,2,1,4,4,5,1
Article_848,4,2,4,1,1,3,3,3,4
Article_849,3,5,2,4,5,2,4,3,1
Article_850,3,4,3,3,3,3,5,2,2
Article_851,5,3,4,2,1,4,3,2,1
Article_852,2,2,2,4,5,2,4,5,5
Article_853,1,3,2,4,5,2,3,2,5
Article_854,2,5,4,2,1,4,4,2,5
Article_855,3,2,4,2,1,4,3,2,4
Article_856,3,2,2,4,5,2,3,5,4
Article_857,5,5,3,3,3,3,3,2,2
Article_858,1,3,4,2,1,4,3,2,2
Article_859,3,4,4,2,1,4,3,3,2
Article_860,3,2,4,2,1,4,4,2,2
Article_861,2,4,4,2,1,4,3,2,1
Article_862,4,5,3,3,3,3,3,5,3
Article_863,3,4,4,2,1,4,4,4,3
Article_864,4,1,4,2,1,4,3,1,1
Article_865,1,4,5,5,3,1,4,1,1
Article_866,1,3,2,4,5,2,4,5,4
Article_867,3,2,2,4,5,2,4,2,1
Article_868,2,2,2,4,5,2,4,1,1
Article_869,3,4,5,5,3,1,4,4,2
Article_870,3,3,3,5,2,2,4,2,3
Article_871,2,5,4,2,1,4,4,1,1
Article_872,4,4,5,3,2,1,4,4,5
Article_873,3,2,4,2,1,4,4,2,2
Article_874,3,2,4,2,1,4,4,3,1
Article_875,4,2,3,3,3,3,3,2,5
Article_876,3,4,4,2,1,4,4,5,5
Article_877,5,4,4,2,1,4,4,5,2
Article_878,3,4,4,2,1,4,4,2,3
Article_879,4,2,4,2,1,4,3,3,5
Article_880,2,3,2,4,5,2,4,2,3
Article_881,3,4,2,4,5,2,3,5,4
Article_882,2,4,2,4,5,2,4,1,5
Article_883,3,3,3,3,3,3,3,4,5
Article_884,3,4,2,4,5,2,4,2,5
Article_885,1,2,4,2,1,4,3,3,5
Article_886,2,3,3,5,2,2,3,2,2
Article_887,1,5,5,5,3,1,3,5,3
Article_888,2,5,4,2,1,4,4,1,1
Article_889,1,4,2,4,5,2,4,2,2
Article_890,5,3,3,3,3,3,3,5,5
Article_891,3,2,2,4,5,2,4,2,3
Article_892,2,3,2,4,5,2,4,2,4
Article_893,3,2,3,3,3,3,4,3,3
Article_894,3,5,3,1,4,2,3,2,5
Article_895,1,3,2,4,4,5,3,2,1
Article_896,2,5,2,4,5,2,4,5,1
Article_897,4,3,3,5,2,2,4,4,3
Article_898,1,3,4,2,1,4,4,3,2
Article_899,3,3,2,4,5,2,3,3,5
Article_900,3,4,5,3,2,1,4,3,1
Article_901,3,3,2,4,5,2,3,3,3
Article_902,2,5,4,2,1,4,3,5,5
Article_903,2,3,3,1,4,2,3,5,5
Article_904,3,4,4,2,1,4,3,4,2
Article_905,4,3,3,5,2,2,4,2,3
Article_906,1,5,4,2,1,4,3,2,5
Article_907,3,2,5,3,2,1,3,5,2
Article_908,2,2,4,2,1,4,3,4,3
Article_909,3,5,5,5,3,1,3,1,5
Article_910,2,2,4,2,1,4,3,2,1
Article_911,2,3,3,1,4,2,4,3,3
Article_912,5,4,5,5,3,1,3,2,3
Article_913,1,5,2,4,5,2,4,5,3
Article_914,2,5,2,4,5,2,4,4,5
Article_915,4,5,5,5,3,1,3,1,5
Article_916,2,5,2,4,5,2,4,2,3
Article_917,2,2,4,2,1,4,4,3,2
Article_918,2,3,2,4,5,2,3,2,5
Article_919,5,2,5,5,3,1,3,5,3
Article_920,3,4,4,2,1,4,3,2,5
Article_921,3,4,3,3,3,3,3,3,1
Article_922,3,5,4,2,1,4,3,2,4
Article_923,3,2,4,2,1,4,4,5,3
Article_924,4,5,5,5,3,1,4,4,1
Article_925,3,2,2,4,5,2,4,1,4
Article_926,4,2,4,2,1,4,5,2,4
Article_927,4,2,3,5,2,2,4,4,2
Article_928,3,5,2,4,5,2,3,5,5
Article_929,3,2,5,3,2,1,4,5,1
Article_930,2,3,4,2,1,4,5,5,2
Article_931,3,4,3,3,3,3,4,3,2
Article_932,1,3,2,4,4,5,3,2,1
Article_933,3,2,4,2,1,4,3,2,3
Article_934,2,4,2,4,5,2,5,3,1
Article_935,3,5,4,2,1,4,3,3,3
Article_936,3,2,3,3,3,3,5,2,3
Article_937,5,4,5,3,2,1,4,5,1
Article_938,2,2,4,2,1,4,4,1,1
Article_939,4,5,1,5,3,2,5,4,5
Article_940,3,4,4,2,1,4,4,5,4
Article_941,3,4,2,4,5,2,3,5,3
Article_942,2,4,4,2,1,4,3,2,1
Article_943,3,4,4,2,1,4,3,2,2
Article_944,3,5,3,1,4,2,4,2,5
Article_945,1,3,2,4,5,2,3,2,1
Article_946,1,5,3,3,3,3,4,3,4
Article_947,2,4,2,4,5,2,4,5,1
Article_948,2,2,2,4,4,5,4,4,2
Article_949,1,3,3,3,3,3,4,4,4
Article_950,3,2,4,2,1,4,4,2,5
Article_951,3,4,5,5,3,1,4,2,1
Article_952,3,3,2,4,3,3,4,2,4
Article_953,2,5,4,2,1,4,4,1,3
Article_954,1,3,5,3,2,1,4,2,1
Article_955,4,5,3,3,3,3,3,2,4
Article_956,2,2,5,3,2,1,4,2,2
Article_957,2,2,5,5,3,1,4,5,2
Article_958,2,5,2,4,5,2,4,2,5
Article_959,3,5,5,5,3,1,4,5,2
Article_960,1,5,2,4,5,2,3,2,1
Article_961,3,3,2,4,5,2,4,4,5
Article_962,3,4,2,4,5,2,3,1,1
Article_963,4,2,2,4,5,2,3,2,4
Article_964,3,4,2,4,5,2,4,5,4
Article_965,2,2,3,3,3,3,4,4,5
Article_966,3,5,5,5,3,1,4,1,1
Article_967,1,2,2,4,5,2,4,1,1
Article_968,2,2,2,4,5,2,4,2,4
Article_969,1,4,4,2,1,4,3,3,1
Article_970,3,2,2,4,5,2,4,4,5
Article_971,3,2,4,2,1,4,4,4,4
Article_972,2,5,2,4,5,2,4,1,5
Article_973,3,4,3,5,2,2,5,1,4
Article_974,5,5,5,3,2,1,5,1,4
Article_975,4,4,5,5,3,1,5,2,1
Article_976,3,2,3,5,2,2,4,2,2
Article_977,3,5,4,2,1,4,3,5,3
Article_978,4,3,1,5,3,2,3,4,5
Article_979,4,4,1,3,3,5,5,2,4
Article_980,4,3,3,3,3,3,4,5,2
Article_981,3,5,4,2,1,4,4,1,5
Article_982,2,2,2,4,5,2,3,2,1
Article_983,5,4,3,1,4,2,4,5,1
Article_984,3,4,4,2,1,4,5,4,1
Article_985,3,5,4,2,1,4,3,1,2
Article_986,3,4,4,2,1,4,4,2,5
Article_987,3,5,4,2,1,4,3,3,1
Article_988,3,2,1,2,4,5,3,2,4
Article_989,4,1,3,3,3,3,4,5,2
Article_990,4,5,5,3,2,1,3,4,2
Article_991,2,2,4,2,1,4,3,1,4
Article_992,2,3,4,2,1,4,4,2,5
Article_993,3,3,3,3,3,3,3,5,5
Article_994,2,3,3,3,3,3,4,4,4
Article_995,3,2,4,2,1,4,3,4,3
Article_996,5,5,5,5,3,1,4,1,4
Article_997,4,5,5,3,2,1,3,2,5
Article_998,2,4,2,4,5,2,4,3,5
Article_999,2,4,4,2,1,4,4,2,2
Article_1000,2,5,4,2,1,4,4,5,1
